-- MySQL dump 10.13  Distrib 5.7.23, for Linux (x86_64)
--
-- Host: localhost    Database: seminario
-- ------------------------------------------------------
-- Server version	5.7.23-0ubuntu0.16.04.1

/*!40101 SET @OLD_CHARACTER_SET_CLIENT=@@CHARACTER_SET_CLIENT */;
/*!40101 SET @OLD_CHARACTER_SET_RESULTS=@@CHARACTER_SET_RESULTS */;
/*!40101 SET @OLD_COLLATION_CONNECTION=@@COLLATION_CONNECTION */;
/*!40101 SET NAMES utf8 */;
/*!40103 SET @OLD_TIME_ZONE=@@TIME_ZONE */;
/*!40103 SET TIME_ZONE='+00:00' */;
/*!40014 SET @OLD_UNIQUE_CHECKS=@@UNIQUE_CHECKS, UNIQUE_CHECKS=0 */;
/*!40014 SET @OLD_FOREIGN_KEY_CHECKS=@@FOREIGN_KEY_CHECKS, FOREIGN_KEY_CHECKS=0 */;
/*!40101 SET @OLD_SQL_MODE=@@SQL_MODE, SQL_MODE='NO_AUTO_VALUE_ON_ZERO' */;
/*!40111 SET @OLD_SQL_NOTES=@@SQL_NOTES, SQL_NOTES=0 */;

--
-- Table structure for table `articulos`
--

DROP TABLE IF EXISTS `articulos`;
/*!40101 SET @saved_cs_client     = @@character_set_client */;
/*!40101 SET character_set_client = utf8 */;
CREATE TABLE `articulos` (
  `codarticulo` int(11) NOT NULL AUTO_INCREMENT,
  `articulo` varchar(100) COLLATE utf8_spanish_ci NOT NULL,
  `proveedor` int(11) NOT NULL,
  `preciocompra` decimal(10,2) NOT NULL,
  `stock` int(11) NOT NULL,
  `date_add` datetime NOT NULL DEFAULT CURRENT_TIMESTAMP,
  `usuario_id` int(11) NOT NULL,
  `estatus` int(11) NOT NULL DEFAULT '1',
  PRIMARY KEY (`codarticulo`),
  KEY `usuario_id` (`usuario_id`),
  KEY `proveedor` (`proveedor`),
  CONSTRAINT `articulos_ibfk_1` FOREIGN KEY (`usuario_id`) REFERENCES `usuario` (`idusuario`),
  CONSTRAINT `articulos_ibfk_2` FOREIGN KEY (`proveedor`) REFERENCES `proveedor` (`codproveedor`)
) ENGINE=InnoDB AUTO_INCREMENT=7 DEFAULT CHARSET=utf8 COLLATE=utf8_spanish_ci;
/*!40101 SET character_set_client = @saved_cs_client */;

--
-- Dumping data for table `articulos`
--

LOCK TABLES `articulos` WRITE;
/*!40000 ALTER TABLE `articulos` DISABLE KEYS */;
INSERT INTO `articulos` VALUES (2,'Grasa Hornito x20Kg',1,90.20,98,'2019-03-11 11:18:56',1,1),(3,'Margarina flor x20 kg',1,75.00,30,'2019-03-11 11:19:30',1,1),(4,'Levadura prensada',1,120.00,38,'2019-03-11 11:20:52',1,1),(5,'Almendras peladas x 1 KG',2,150.00,4,'2019-03-11 11:21:21',1,1),(6,'Preparados en polvo',3,90.00,60,'2019-03-11 11:22:57',1,1);
/*!40000 ALTER TABLE `articulos` ENABLE KEYS */;
UNLOCK TABLES;

--
-- Table structure for table `cliente`
--

DROP TABLE IF EXISTS `cliente`;
/*!40101 SET @saved_cs_client     = @@character_set_client */;
/*!40101 SET character_set_client = utf8 */;
CREATE TABLE `cliente` (
  `idcliente` int(11) NOT NULL AUTO_INCREMENT,
  `cuit` varchar(11) COLLATE utf8_spanish_ci NOT NULL,
  `nombre` varchar(100) COLLATE utf8_spanish_ci NOT NULL,
  `telefono` int(11) NOT NULL,
  `direccion` text COLLATE utf8_spanish_ci NOT NULL,
  `dateadd` datetime NOT NULL DEFAULT CURRENT_TIMESTAMP,
  `usuario_id` int(11) NOT NULL,
  `estatus` int(11) NOT NULL DEFAULT '1',
  PRIMARY KEY (`idcliente`),
  KEY `usuari_id` (`usuario_id`),
  CONSTRAINT `cliente_ibfk_1` FOREIGN KEY (`usuario_id`) REFERENCES `usuario` (`idusuario`)
) ENGINE=InnoDB AUTO_INCREMENT=7 DEFAULT CHARSET=utf8 COLLATE=utf8_spanish_ci;
/*!40101 SET character_set_client = @saved_cs_client */;

--
-- Dumping data for table `cliente`
--

LOCK TABLES `cliente` WRITE;
/*!40000 ALTER TABLE `cliente` DISABLE KEYS */;
INSERT INTO `cliente` VALUES (2,'27135442866','Olga Abuin',1536697410,'Pje. Juan Velez 3830','2019-03-10 20:16:47',1,1),(4,'20158697859','Rampello Jose',4369587,'Avellaneda 3596','2019-03-10 20:21:24',1,1),(5,'27284589870','Leticia Alverez',155486978,'Santa Fe 3569','2019-03-10 20:22:01',1,1),(6,'20179882364','Juan Carlos Martinez',2978308,'España 584','2019-03-10 20:22:47',1,1);
/*!40000 ALTER TABLE `cliente` ENABLE KEYS */;
UNLOCK TABLES;

--
-- Table structure for table `configuracion`
--

DROP TABLE IF EXISTS `configuracion`;
/*!40101 SET @saved_cs_client     = @@character_set_client */;
/*!40101 SET character_set_client = utf8 */;
CREATE TABLE `configuracion` (
  `id` bigint(20) NOT NULL AUTO_INCREMENT,
  `cuit` varchar(20) COLLATE utf8_spanish_ci NOT NULL,
  `nombre` varchar(100) COLLATE utf8_spanish_ci NOT NULL,
  `razon_social` varchar(100) COLLATE utf8_spanish_ci NOT NULL,
  `telefono` bigint(20) NOT NULL,
  `email` varchar(200) COLLATE utf8_spanish_ci NOT NULL,
  `direccion` text COLLATE utf8_spanish_ci NOT NULL,
  `iva` decimal(10,2) NOT NULL,
  PRIMARY KEY (`id`)
) ENGINE=InnoDB AUTO_INCREMENT=2 DEFAULT CHARSET=utf8 COLLATE=utf8_spanish_ci;
/*!40101 SET character_set_client = @saved_cs_client */;

--
-- Dumping data for table `configuracion`
--

LOCK TABLES `configuracion` WRITE;
/*!40000 ALTER TABLE `configuracion` DISABLE KEYS */;
INSERT INTO `configuracion` VALUES (1,'30639419823','Los Andes Panaderia','Los Andes SRL',4341725,'panaderialosandes@gmail.com','Avellaneda 2302',21.00);
/*!40000 ALTER TABLE `configuracion` ENABLE KEYS */;
UNLOCK TABLES;

--
-- Table structure for table `detalle_articulo_temp`
--

DROP TABLE IF EXISTS `detalle_articulo_temp`;
/*!40101 SET @saved_cs_client     = @@character_set_client */;
/*!40101 SET character_set_client = utf8 */;
CREATE TABLE `detalle_articulo_temp` (
  `correlativo` int(11) NOT NULL AUTO_INCREMENT,
  `token_user` varchar(50) COLLATE utf8_spanish_ci NOT NULL,
  `codarticulo` int(11) NOT NULL,
  `cantidad` int(11) NOT NULL,
  `precio_compra` decimal(10,2) NOT NULL,
  PRIMARY KEY (`correlativo`),
  KEY `token_user` (`token_user`),
  KEY `codarticulo` (`codarticulo`),
  CONSTRAINT `detalle_articulo_temp_ibfk_1` FOREIGN KEY (`codarticulo`) REFERENCES `articulos` (`codarticulo`)
) ENGINE=InnoDB AUTO_INCREMENT=2 DEFAULT CHARSET=utf8 COLLATE=utf8_spanish_ci;
/*!40101 SET character_set_client = @saved_cs_client */;

--
-- Dumping data for table `detalle_articulo_temp`
--

LOCK TABLES `detalle_articulo_temp` WRITE;
/*!40000 ALTER TABLE `detalle_articulo_temp` DISABLE KEYS */;
INSERT INTO `detalle_articulo_temp` VALUES (1,'c4ca4238a0b923820dcc509a6f75849b',4,1,120.00);
/*!40000 ALTER TABLE `detalle_articulo_temp` ENABLE KEYS */;
UNLOCK TABLES;

--
-- Table structure for table `detalle_temp`
--

DROP TABLE IF EXISTS `detalle_temp`;
/*!40101 SET @saved_cs_client     = @@character_set_client */;
/*!40101 SET character_set_client = utf8 */;
CREATE TABLE `detalle_temp` (
  `correlativo` int(11) NOT NULL AUTO_INCREMENT,
  `token_user` varchar(50) COLLATE utf8_spanish_ci NOT NULL,
  `codproducto` int(11) NOT NULL,
  `cantidad` int(11) NOT NULL,
  `precio_venta` decimal(10,2) NOT NULL,
  PRIMARY KEY (`correlativo`),
  KEY `token_user` (`token_user`),
  KEY `codproducto` (`codproducto`),
  CONSTRAINT `detalle_temp_ibfk_1` FOREIGN KEY (`codproducto`) REFERENCES `producto` (`codproducto`)
) ENGINE=InnoDB DEFAULT CHARSET=utf8 COLLATE=utf8_spanish_ci;
/*!40101 SET character_set_client = @saved_cs_client */;

--
-- Dumping data for table `detalle_temp`
--

LOCK TABLES `detalle_temp` WRITE;
/*!40000 ALTER TABLE `detalle_temp` DISABLE KEYS */;
/*!40000 ALTER TABLE `detalle_temp` ENABLE KEYS */;
UNLOCK TABLES;

--
-- Table structure for table `detallefactura`
--

DROP TABLE IF EXISTS `detallefactura`;
/*!40101 SET @saved_cs_client     = @@character_set_client */;
/*!40101 SET character_set_client = utf8 */;
CREATE TABLE `detallefactura` (
  `correlativo` bigint(11) NOT NULL AUTO_INCREMENT,
  `nofactura` bigint(11) NOT NULL,
  `codproducto` int(11) NOT NULL,
  `cantidad` int(11) NOT NULL,
  `precio_venta` decimal(10,2) NOT NULL,
  PRIMARY KEY (`correlativo`),
  KEY `nofactura` (`nofactura`),
  KEY `codproducto` (`codproducto`),
  CONSTRAINT `detallefactura_ibfk_1` FOREIGN KEY (`nofactura`) REFERENCES `factura` (`nofactura`),
  CONSTRAINT `detallefactura_ibfk_2` FOREIGN KEY (`codproducto`) REFERENCES `producto` (`codproducto`)
) ENGINE=InnoDB AUTO_INCREMENT=8 DEFAULT CHARSET=utf8 COLLATE=utf8_spanish_ci;
/*!40101 SET character_set_client = @saved_cs_client */;

--
-- Dumping data for table `detallefactura`
--

LOCK TABLES `detallefactura` WRITE;
/*!40000 ALTER TABLE `detallefactura` DISABLE KEYS */;
INSERT INTO `detallefactura` VALUES (1,1,1,6,150.00),(2,1,2,10,100.00),(3,4,2,1,100.00),(4,4,2,1,100.00),(5,5,1,1,150.00),(6,6,1,5,150.00),(7,7,2,12,100.00);
/*!40000 ALTER TABLE `detallefactura` ENABLE KEYS */;
UNLOCK TABLES;

--
-- Table structure for table `detalleticket`
--

DROP TABLE IF EXISTS `detalleticket`;
/*!40101 SET @saved_cs_client     = @@character_set_client */;
/*!40101 SET character_set_client = utf8 */;
CREATE TABLE `detalleticket` (
  `correlativo` bigint(11) NOT NULL AUTO_INCREMENT,
  `noticket` bigint(11) NOT NULL,
  `codarticulo` int(11) NOT NULL,
  `cantidad` int(11) NOT NULL,
  `precio_compra` decimal(10,2) NOT NULL,
  PRIMARY KEY (`correlativo`),
  KEY `noticket` (`noticket`),
  KEY `codarticulo` (`codarticulo`),
  CONSTRAINT `detalleticket_ibfk_1` FOREIGN KEY (`noticket`) REFERENCES `ticketcompra` (`noticket`),
  CONSTRAINT `detalleticket_ibfk_2` FOREIGN KEY (`codarticulo`) REFERENCES `articulos` (`codarticulo`)
) ENGINE=InnoDB AUTO_INCREMENT=11 DEFAULT CHARSET=utf8 COLLATE=utf8_spanish_ci;
/*!40101 SET character_set_client = @saved_cs_client */;

--
-- Dumping data for table `detalleticket`
--

LOCK TABLES `detalleticket` WRITE;
/*!40000 ALTER TABLE `detalleticket` DISABLE KEYS */;
INSERT INTO `detalleticket` VALUES (6,1,4,1,120.00),(7,1,4,1,120.00),(9,2,4,1,120.00),(10,2,5,1,150.00);
/*!40000 ALTER TABLE `detalleticket` ENABLE KEYS */;
UNLOCK TABLES;

--
-- Table structure for table `entradas`
--

DROP TABLE IF EXISTS `entradas`;
/*!40101 SET @saved_cs_client     = @@character_set_client */;
/*!40101 SET character_set_client = utf8 */;
CREATE TABLE `entradas` (
  `correlativo` int(11) NOT NULL AUTO_INCREMENT,
  `codproducto` int(11) NOT NULL,
  `fecha` datetime NOT NULL DEFAULT CURRENT_TIMESTAMP,
  `cantidad` int(11) NOT NULL,
  `precio` decimal(10,2) NOT NULL,
  `usuario_id` int(11) NOT NULL,
  PRIMARY KEY (`correlativo`),
  KEY `codproducto` (`codproducto`),
  CONSTRAINT `entradas_ibfk_1` FOREIGN KEY (`codproducto`) REFERENCES `producto` (`codproducto`)
) ENGINE=InnoDB AUTO_INCREMENT=14 DEFAULT CHARSET=utf8 COLLATE=utf8_spanish_ci;
/*!40101 SET character_set_client = @saved_cs_client */;

--
-- Dumping data for table `entradas`
--

LOCK TABLES `entradas` WRITE;
/*!40000 ALTER TABLE `entradas` DISABLE KEYS */;
INSERT INTO `entradas` VALUES (1,2,'2019-06-10 12:01:43',100,100.00,1),(2,2,'2019-06-10 12:01:51',100,100.00,1),(3,2,'2019-06-13 17:36:19',10,100.00,1),(4,2,'2019-06-13 17:38:49',10,100.00,1),(5,2,'2019-06-13 17:40:27',10,100.00,1),(6,2,'2019-06-13 17:40:53',10,100.00,1),(7,2,'2019-06-13 17:41:01',10,100.00,1),(8,2,'2019-06-13 17:41:46',10,100.00,1),(9,2,'2019-06-13 17:42:11',10,100.00,1),(10,2,'2019-06-13 17:42:51',10,100.00,1),(11,2,'2019-06-13 17:43:40',10,100.00,1),(12,2,'2019-06-13 18:00:07',10,100.00,1),(13,2,'2019-06-13 18:03:18',10,100.00,1);
/*!40000 ALTER TABLE `entradas` ENABLE KEYS */;
UNLOCK TABLES;

--
-- Table structure for table `factura`
--

DROP TABLE IF EXISTS `factura`;
/*!40101 SET @saved_cs_client     = @@character_set_client */;
/*!40101 SET character_set_client = utf8 */;
CREATE TABLE `factura` (
  `nofactura` bigint(11) NOT NULL AUTO_INCREMENT,
  `fecha` datetime NOT NULL DEFAULT CURRENT_TIMESTAMP,
  `usuario` int(11) NOT NULL,
  `codcliente` int(11) NOT NULL,
  `totalfactura` decimal(10,2) NOT NULL DEFAULT '0.00',
  `estatus` int(11) NOT NULL DEFAULT '1',
  PRIMARY KEY (`nofactura`),
  KEY `usuario` (`usuario`),
  KEY `codcliente` (`codcliente`),
  CONSTRAINT `factura_ibfk_1` FOREIGN KEY (`codcliente`) REFERENCES `cliente` (`idcliente`),
  CONSTRAINT `factura_ibfk_2` FOREIGN KEY (`usuario`) REFERENCES `usuario` (`idusuario`)
) ENGINE=InnoDB AUTO_INCREMENT=8 DEFAULT CHARSET=utf8 COLLATE=utf8_spanish_ci;
/*!40101 SET character_set_client = @saved_cs_client */;

--
-- Dumping data for table `factura`
--

LOCK TABLES `factura` WRITE;
/*!40000 ALTER TABLE `factura` DISABLE KEYS */;
INSERT INTO `factura` VALUES (1,'2019-06-06 19:34:22',1,2,1900.00,1),(4,'2019-06-20 10:34:31',1,2,200.00,1),(5,'2019-06-26 14:45:14',1,4,150.00,1),(6,'2019-06-26 18:35:39',1,5,750.00,10),(7,'2019-06-26 18:36:39',1,4,1200.00,1);
/*!40000 ALTER TABLE `factura` ENABLE KEYS */;
UNLOCK TABLES;

--
-- Table structure for table `factura_proveedor`
--

DROP TABLE IF EXISTS `factura_proveedor`;
/*!40101 SET @saved_cs_client     = @@character_set_client */;
/*!40101 SET character_set_client = utf8 */;
CREATE TABLE `factura_proveedor` (
  `nofactura` int(11) NOT NULL AUTO_INCREMENT,
  `idproveedor` int(11) NOT NULL,
  `codarticulo` int(11) NOT NULL,
  `cantidad` int(11) NOT NULL,
  `precio` decimal(10,2) NOT NULL,
  `estatus` int(11) NOT NULL DEFAULT '1',
  PRIMARY KEY (`nofactura`),
  KEY `idproveedor` (`idproveedor`),
  KEY `codarticulo` (`codarticulo`)
) ENGINE=InnoDB DEFAULT CHARSET=utf8 COLLATE=utf8_spanish_ci;
/*!40101 SET character_set_client = @saved_cs_client */;

--
-- Dumping data for table `factura_proveedor`
--

LOCK TABLES `factura_proveedor` WRITE;
/*!40000 ALTER TABLE `factura_proveedor` DISABLE KEYS */;
/*!40000 ALTER TABLE `factura_proveedor` ENABLE KEYS */;
UNLOCK TABLES;

--
-- Table structure for table `ocompra`
--

DROP TABLE IF EXISTS `ocompra`;
/*!40101 SET @saved_cs_client     = @@character_set_client */;
/*!40101 SET character_set_client = utf8 */;
CREATE TABLE `ocompra` (
  `idorden` int(11) NOT NULL AUTO_INCREMENT,
  `codarticulo` int(11) NOT NULL,
  `cantidad` int(11) NOT NULL,
  PRIMARY KEY (`idorden`),
  KEY `codarticulo` (`codarticulo`),
  CONSTRAINT `ocompra_ibfk_1` FOREIGN KEY (`codarticulo`) REFERENCES `articulos` (`codarticulo`)
) ENGINE=InnoDB DEFAULT CHARSET=utf8 COLLATE=utf8_spanish_ci;
/*!40101 SET character_set_client = @saved_cs_client */;

--
-- Dumping data for table `ocompra`
--

LOCK TABLES `ocompra` WRITE;
/*!40000 ALTER TABLE `ocompra` DISABLE KEYS */;
/*!40000 ALTER TABLE `ocompra` ENABLE KEYS */;
UNLOCK TABLES;

--
-- Table structure for table `pedidos_pendientes`
--

DROP TABLE IF EXISTS `pedidos_pendientes`;
/*!40101 SET @saved_cs_client     = @@character_set_client */;
/*!40101 SET character_set_client = utf8 */;
CREATE TABLE `pedidos_pendientes` (
  `idpedido` int(11) NOT NULL AUTO_INCREMENT,
  `codproducto` int(11) NOT NULL,
  `precio` decimal(10,2) NOT NULL,
  `cantidad` int(11) NOT NULL,
  `entregado` text COLLATE utf8_spanish_ci NOT NULL,
  PRIMARY KEY (`idpedido`),
  KEY `codproducto` (`codproducto`),
  CONSTRAINT `pedidos_pendientes_ibfk_1` FOREIGN KEY (`codproducto`) REFERENCES `producto` (`codproducto`)
) ENGINE=InnoDB DEFAULT CHARSET=utf8 COLLATE=utf8_spanish_ci;
/*!40101 SET character_set_client = @saved_cs_client */;

--
-- Dumping data for table `pedidos_pendientes`
--

LOCK TABLES `pedidos_pendientes` WRITE;
/*!40000 ALTER TABLE `pedidos_pendientes` DISABLE KEYS */;
/*!40000 ALTER TABLE `pedidos_pendientes` ENABLE KEYS */;
UNLOCK TABLES;

--
-- Table structure for table `producto`
--

DROP TABLE IF EXISTS `producto`;
/*!40101 SET @saved_cs_client     = @@character_set_client */;
/*!40101 SET character_set_client = utf8 */;
CREATE TABLE `producto` (
  `codproducto` int(11) NOT NULL AUTO_INCREMENT,
  `descripcion` varchar(100) COLLATE utf8_spanish_ci NOT NULL,
  `precio` decimal(10,2) NOT NULL,
  `existencia` int(11) NOT NULL,
  `date_add` datetime NOT NULL DEFAULT CURRENT_TIMESTAMP,
  `usuario_id` int(11) NOT NULL,
  `estatus` int(11) NOT NULL DEFAULT '1',
  PRIMARY KEY (`codproducto`),
  KEY `usuario_id` (`usuario_id`),
  CONSTRAINT `producto_ibfk_2` FOREIGN KEY (`usuario_id`) REFERENCES `usuario` (`idusuario`)
) ENGINE=InnoDB AUTO_INCREMENT=3 DEFAULT CHARSET=utf8 COLLATE=utf8_spanish_ci;
/*!40101 SET character_set_client = @saved_cs_client */;

--
-- Dumping data for table `producto`
--

LOCK TABLES `producto` WRITE;
/*!40000 ALTER TABLE `producto` DISABLE KEYS */;
INSERT INTO `producto` VALUES (1,'Medialunas dulces',150.00,188,'2019-06-01 20:00:44',1,1),(2,'Medialunas saladas',100.00,586,'2019-06-01 20:01:09',1,1);
/*!40000 ALTER TABLE `producto` ENABLE KEYS */;
UNLOCK TABLES;

--
-- Table structure for table `proveedor`
--

DROP TABLE IF EXISTS `proveedor`;
/*!40101 SET @saved_cs_client     = @@character_set_client */;
/*!40101 SET character_set_client = utf8 */;
CREATE TABLE `proveedor` (
  `codproveedor` int(11) NOT NULL AUTO_INCREMENT,
  `proveedor` varchar(100) COLLATE utf8_spanish_ci NOT NULL,
  `cuit_prov` varchar(11) COLLATE utf8_spanish_ci NOT NULL,
  `contacto` varchar(100) COLLATE utf8_spanish_ci NOT NULL,
  `telefono` bigint(11) NOT NULL,
  `direccion` text COLLATE utf8_spanish_ci NOT NULL,
  `date_add` datetime NOT NULL DEFAULT CURRENT_TIMESTAMP,
  `usuario_id` int(11) NOT NULL,
  `estatus` int(11) NOT NULL DEFAULT '1',
  PRIMARY KEY (`codproveedor`),
  KEY `usuario_id` (`usuario_id`),
  CONSTRAINT `proveedor_ibfk_1` FOREIGN KEY (`usuario_id`) REFERENCES `usuario` (`idusuario`)
) ENGINE=InnoDB AUTO_INCREMENT=8 DEFAULT CHARSET=utf8 COLLATE=utf8_spanish_ci;
/*!40101 SET character_set_client = @saved_cs_client */;

--
-- Dumping data for table `proveedor`
--

LOCK TABLES `proveedor` WRITE;
/*!40000 ALTER TABLE `proveedor` DISABLE KEYS */;
INSERT INTO `proveedor` VALUES (1,'Armando Lancelloti','20121108152','Julia',4394397,'Parana 1125','2019-03-10 20:25:06',1,1),(2,'Distribuidora Don Angel','30711758034','Norberto',156408372,'La Paz 4065','2019-03-10 20:25:53',1,1),(3,'Distribuidora San Luis','30673406862','Maria Soledad',4369475,'Alvear 1247','2019-03-10 20:27:33',1,1),(4,'Fargo SA','30692317021','Julio',4335793,'Bv. 27 de Febrero 3337','2019-03-10 20:29:16',1,1),(5,'Nuevo Rumbo SRL','30649447132','Alicia',4591668,'Av. Provincias Unidas 2103','2019-03-10 20:30:15',1,1),(6,'Sol de Oriente SRL','30695387977','Oscar',4643953,' Laprida 3399','2019-03-10 20:31:23',1,1),(7,'Deubel','30701498875','Susana',4587343,'Guatemala 1356','2019-03-10 20:32:14',1,1);
/*!40000 ALTER TABLE `proveedor` ENABLE KEYS */;
UNLOCK TABLES;

--
-- Table structure for table `rol`
--

DROP TABLE IF EXISTS `rol`;
/*!40101 SET @saved_cs_client     = @@character_set_client */;
/*!40101 SET character_set_client = utf8 */;
CREATE TABLE `rol` (
  `idrol` int(11) NOT NULL AUTO_INCREMENT,
  `rol` varchar(20) COLLATE utf8_spanish_ci NOT NULL,
  PRIMARY KEY (`idrol`)
) ENGINE=InnoDB AUTO_INCREMENT=4 DEFAULT CHARSET=utf8 COLLATE=utf8_spanish_ci;
/*!40101 SET character_set_client = @saved_cs_client */;

--
-- Dumping data for table `rol`
--

LOCK TABLES `rol` WRITE;
/*!40000 ALTER TABLE `rol` DISABLE KEYS */;
INSERT INTO `rol` VALUES (1,'administrador'),(2,'supervisor'),(3,'vendedores');
/*!40000 ALTER TABLE `rol` ENABLE KEYS */;
UNLOCK TABLES;

--
-- Table structure for table `ticket`
--

DROP TABLE IF EXISTS `ticket`;
/*!40101 SET @saved_cs_client     = @@character_set_client */;
/*!40101 SET character_set_client = utf8 */;
CREATE TABLE `ticket` (
  `codproducto` int(11) NOT NULL AUTO_INCREMENT,
  `cant_prod` int(11) NOT NULL,
  `nro_comprobante` int(11) NOT NULL,
  PRIMARY KEY (`codproducto`)
) ENGINE=InnoDB DEFAULT CHARSET=utf8 COLLATE=utf8_spanish_ci;
/*!40101 SET character_set_client = @saved_cs_client */;

--
-- Dumping data for table `ticket`
--

LOCK TABLES `ticket` WRITE;
/*!40000 ALTER TABLE `ticket` DISABLE KEYS */;
/*!40000 ALTER TABLE `ticket` ENABLE KEYS */;
UNLOCK TABLES;

--
-- Table structure for table `ticketcompra`
--

DROP TABLE IF EXISTS `ticketcompra`;
/*!40101 SET @saved_cs_client     = @@character_set_client */;
/*!40101 SET character_set_client = utf8 */;
CREATE TABLE `ticketcompra` (
  `noticket` bigint(11) NOT NULL AUTO_INCREMENT,
  `fecha` datetime NOT NULL DEFAULT CURRENT_TIMESTAMP,
  `usuario` int(11) NOT NULL,
  `codproveedor` int(11) NOT NULL,
  `totalticket` decimal(10,2) NOT NULL DEFAULT '0.00',
  `estatus` int(11) NOT NULL DEFAULT '1',
  PRIMARY KEY (`noticket`),
  KEY `usuario` (`usuario`),
  KEY `codcliente` (`codproveedor`),
  CONSTRAINT `ticket_ibfk_1` FOREIGN KEY (`codproveedor`) REFERENCES `proveedor` (`codproveedor`),
  CONSTRAINT `ticket_ibfk_2` FOREIGN KEY (`usuario`) REFERENCES `usuario` (`idusuario`)
) ENGINE=InnoDB AUTO_INCREMENT=3 DEFAULT CHARSET=latin1;
/*!40101 SET character_set_client = @saved_cs_client */;

--
-- Dumping data for table `ticketcompra`
--

LOCK TABLES `ticketcompra` WRITE;
/*!40000 ALTER TABLE `ticketcompra` DISABLE KEYS */;
INSERT INTO `ticketcompra` VALUES (1,'2019-06-26 17:51:15',1,1,240.00,1),(2,'2019-06-26 17:51:40',1,1,270.00,1);
/*!40000 ALTER TABLE `ticketcompra` ENABLE KEYS */;
UNLOCK TABLES;

--
-- Table structure for table `usuario`
--

DROP TABLE IF EXISTS `usuario`;
/*!40101 SET @saved_cs_client     = @@character_set_client */;
/*!40101 SET character_set_client = utf8 */;
CREATE TABLE `usuario` (
  `idusuario` int(11) NOT NULL AUTO_INCREMENT,
  `nombre` varchar(50) COLLATE utf8_spanish_ci NOT NULL,
  `correo` varchar(100) COLLATE utf8_spanish_ci NOT NULL,
  `usuario` varchar(15) COLLATE utf8_spanish_ci NOT NULL,
  `clave` varchar(100) COLLATE utf8_spanish_ci NOT NULL,
  `rol` int(11) NOT NULL,
  `estatus` int(11) NOT NULL DEFAULT '1',
  PRIMARY KEY (`idusuario`),
  KEY `rol` (`rol`),
  CONSTRAINT `usuario_ibfk_1` FOREIGN KEY (`rol`) REFERENCES `rol` (`idrol`)
) ENGINE=InnoDB AUTO_INCREMENT=4 DEFAULT CHARSET=utf8 COLLATE=utf8_spanish_ci;
/*!40101 SET character_set_client = @saved_cs_client */;

--
-- Dumping data for table `usuario`
--

LOCK TABLES `usuario` WRITE;
/*!40000 ALTER TABLE `usuario` DISABLE KEYS */;
INSERT INTO `usuario` VALUES (1,'Elvira','elvira@panaderialosandes.com.ar','admin','1234',1,1),(2,'Carlos','carlos@panaderialosandes.com.ar','carlos','123456',2,1),(3,'Maira','maira@panaderialosandes.com.ar','maira','323232',3,1);
/*!40000 ALTER TABLE `usuario` ENABLE KEYS */;
UNLOCK TABLES;

--
-- Dumping events for database 'seminario'
--

--
-- Dumping routines for database 'seminario'
--
/*!50003 DROP PROCEDURE IF EXISTS `actualizar_precio_articulo` */;
/*!50003 SET @saved_cs_client      = @@character_set_client */ ;
/*!50003 SET @saved_cs_results     = @@character_set_results */ ;
/*!50003 SET @saved_col_connection = @@collation_connection */ ;
/*!50003 SET character_set_client  = utf8 */ ;
/*!50003 SET character_set_results = utf8 */ ;
/*!50003 SET collation_connection  = utf8_general_ci */ ;
/*!50003 SET @saved_sql_mode       = @@sql_mode */ ;
/*!50003 SET sql_mode              = 'ONLY_FULL_GROUP_BY,STRICT_TRANS_TABLES,NO_ZERO_IN_DATE,NO_ZERO_DATE,ERROR_FOR_DIVISION_BY_ZERO,NO_AUTO_CREATE_USER,NO_ENGINE_SUBSTITUTION' */ ;
DELIMITER ;;
CREATE DEFINER=`root`@`localhost` PROCEDURE `actualizar_precio_articulo`(`n_cantidad` INT, `n_precio` DECIMAL(10,2), `codigo` INT)
BEGIN
    	DECLARE nueva_existencia int;
        DECLARE nuevo_total  decimal(10,2);
        DECLARE nuevo_precio decimal(10,2);
        
        DECLARE cant_actual int;
        DECLARE pre_actual decimal(10,2);
        
        DECLARE actual_existencia int;
        DECLARE actual_precio decimal(10,2);
                
        SELECT preciocompra,stock INTO actual_precio,actual_existencia FROM articulos WHERE codarticulo = codigo;
        
        SET nueva_existencia = actual_existencia + n_cantidad;
        SET nuevo_total = (actual_existencia * actual_precio) + (n_cantidad * n_precio);
        SET nuevo_precio = nuevo_total / nueva_existencia;
        
        UPDATE articulos SET stock = nueva_existencia, preciocompra = nuevo_precio WHERE codarticulo = codigo;
        
        SELECT nueva_existencia,nuevo_precio;
        
    END ;;
DELIMITER ;
/*!50003 SET sql_mode              = @saved_sql_mode */ ;
/*!50003 SET character_set_client  = @saved_cs_client */ ;
/*!50003 SET character_set_results = @saved_cs_results */ ;
/*!50003 SET collation_connection  = @saved_col_connection */ ;
/*!50003 DROP PROCEDURE IF EXISTS `add_articulo_detalle_temp` */;
/*!50003 SET @saved_cs_client      = @@character_set_client */ ;
/*!50003 SET @saved_cs_results     = @@character_set_results */ ;
/*!50003 SET @saved_col_connection = @@collation_connection */ ;
/*!50003 SET character_set_client  = utf8 */ ;
/*!50003 SET character_set_results = utf8 */ ;
/*!50003 SET collation_connection  = utf8_general_ci */ ;
/*!50003 SET @saved_sql_mode       = @@sql_mode */ ;
/*!50003 SET sql_mode              = 'ONLY_FULL_GROUP_BY,STRICT_TRANS_TABLES,NO_ZERO_IN_DATE,NO_ZERO_DATE,ERROR_FOR_DIVISION_BY_ZERO,NO_AUTO_CREATE_USER,NO_ENGINE_SUBSTITUTION' */ ;
DELIMITER ;;
CREATE DEFINER=`root`@`localhost` PROCEDURE `add_articulo_detalle_temp`(`codigo` INT, `cantidad` INT, `token_user` VARCHAR(50))
BEGIN
	DECLARE precio_actual decimal(10,2);
	SELECT preciocompra INTO precio_actual FROM articulos WHERE codarticulo=codigo;

	INSERT INTO detalle_articulo_temp(token_user,codarticulo,cantidad,precio_compra) VALUES (token_user,codigo,cantidad,precio_actual);

	SELECT tmp.correlativo, tmp.codarticulo as codproducto, a.articulo as descripcion, tmp.cantidad, tmp.precio_compra as precio_venta
    FROM detalle_articulo_temp tmp 
	INNER JOIN articulos a ON tmp.codarticulo = a.codarticulo
	WHERE tmp.token_user = token_user;
END ;;
DELIMITER ;
/*!50003 SET sql_mode              = @saved_sql_mode */ ;
/*!50003 SET character_set_client  = @saved_cs_client */ ;
/*!50003 SET character_set_results = @saved_cs_results */ ;
/*!50003 SET collation_connection  = @saved_col_connection */ ;
/*!50003 DROP PROCEDURE IF EXISTS `add_detalle_articulo_temp` */;
/*!50003 SET @saved_cs_client      = @@character_set_client */ ;
/*!50003 SET @saved_cs_results     = @@character_set_results */ ;
/*!50003 SET @saved_col_connection = @@collation_connection */ ;
/*!50003 SET character_set_client  = utf8 */ ;
/*!50003 SET character_set_results = utf8 */ ;
/*!50003 SET collation_connection  = utf8_general_ci */ ;
/*!50003 SET @saved_sql_mode       = @@sql_mode */ ;
/*!50003 SET sql_mode              = 'ONLY_FULL_GROUP_BY,STRICT_TRANS_TABLES,NO_ZERO_IN_DATE,NO_ZERO_DATE,ERROR_FOR_DIVISION_BY_ZERO,NO_AUTO_CREATE_USER,NO_ENGINE_SUBSTITUTION' */ ;
DELIMITER ;;
CREATE DEFINER=`root`@`localhost` PROCEDURE `add_detalle_articulo_temp`(`codigo` INT, `cantidad` INT, `token_user` VARCHAR(50))
BEGIN
	DECLARE precio_actual decimal(10,2);
	SELECT preciocompra INTO precio_actual FROM articulos WHERE codarticulo=codigo;

	INSERT INTO detalle_articulo_temp(token_user,codproducto,cantidad,precio_compra) VALUES (token_user,codigo,cantidad,precio_actual);

	SELECT tmp.correlativo, tmp.codproducto, p.articulo, tmp.cantidad, tmp.precio_compra
    FROM detalle_articulo_temp tmp 
	INNER JOIN articulos a ON tmp.codproducto = a.codarticulo
	WHERE tmp.token_user = token_user;
END ;;
DELIMITER ;
/*!50003 SET sql_mode              = @saved_sql_mode */ ;
/*!50003 SET character_set_client  = @saved_cs_client */ ;
/*!50003 SET character_set_results = @saved_cs_results */ ;
/*!50003 SET collation_connection  = @saved_col_connection */ ;
/*!50003 DROP PROCEDURE IF EXISTS `add_detalle_temp` */;
/*!50003 SET @saved_cs_client      = @@character_set_client */ ;
/*!50003 SET @saved_cs_results     = @@character_set_results */ ;
/*!50003 SET @saved_col_connection = @@collation_connection */ ;
/*!50003 SET character_set_client  = utf8 */ ;
/*!50003 SET character_set_results = utf8 */ ;
/*!50003 SET collation_connection  = utf8_general_ci */ ;
/*!50003 SET @saved_sql_mode       = @@sql_mode */ ;
/*!50003 SET sql_mode              = 'ONLY_FULL_GROUP_BY,STRICT_TRANS_TABLES,NO_ZERO_IN_DATE,NO_ZERO_DATE,ERROR_FOR_DIVISION_BY_ZERO,NO_AUTO_CREATE_USER,NO_ENGINE_SUBSTITUTION' */ ;
DELIMITER ;;
CREATE DEFINER=`root`@`localhost` PROCEDURE `add_detalle_temp`(`codigo` INT, `cantidad` INT, `token_user` VARCHAR(50))
BEGIN
    	DECLARE precio_actual decimal(10,2);
        SELECT precio INTO precio_actual FROM producto WHERE codproducto=codigo;
        
        INSERT INTO detalle_temp(token_user,codproducto,cantidad,precio_venta) VALUES (token_user,codigo,cantidad,precio_actual);
        
        SELECT tmp.correlativo, tmp.codproducto, p.descripcion, tmp.cantidad, tmp.precio_venta FROM detalle_temp tmp 
        INNER JOIN producto p 
        ON tmp.codproducto = p.codproducto 
        WHERE tmp.token_user = token_user;
        
    END ;;
DELIMITER ;
/*!50003 SET sql_mode              = @saved_sql_mode */ ;
/*!50003 SET character_set_client  = @saved_cs_client */ ;
/*!50003 SET character_set_results = @saved_cs_results */ ;
/*!50003 SET collation_connection  = @saved_col_connection */ ;
/*!50003 DROP PROCEDURE IF EXISTS `dataDashboard` */;
/*!50003 SET @saved_cs_client      = @@character_set_client */ ;
/*!50003 SET @saved_cs_results     = @@character_set_results */ ;
/*!50003 SET @saved_col_connection = @@collation_connection */ ;
/*!50003 SET character_set_client  = utf8mb4 */ ;
/*!50003 SET character_set_results = utf8mb4 */ ;
/*!50003 SET collation_connection  = utf8mb4_general_ci */ ;
/*!50003 SET @saved_sql_mode       = @@sql_mode */ ;
/*!50003 SET sql_mode              = 'NO_AUTO_VALUE_ON_ZERO' */ ;
DELIMITER ;;
CREATE DEFINER=`root`@`localhost` PROCEDURE `dataDashboard`()
BEGIN
    
    DECLARE usuarios int;
    DECLARE clientes int;
    DECLARE proveedores int;
    DECLARE productos int;
    DECLARE ventas int;
    DECLARE compras int;
    DECLARE articulos int;
    
    SELECT COUNT(*) INTO usuarios FROM usuario WHERE estatus !=10;
    SELECT COUNT(*) INTO clientes FROM cliente WHERE estatus !=10;
    SELECT COUNT(*) INTO proveedores FROM proveedor WHERE estatus !=10;
    SELECT COUNT(*) INTO productos FROM producto WHERE estatus !=10;
    SELECT COUNT(*) INTO ventas FROM factura WHERE fecha > CURDATE() AND estatus !=10;
    SELECT COUNT(*) INTO articulos FROM articulos WHERE estatus !=10;
    SELECT COUNT(*) INTO compras FROM factura_proveedor WHERE estatus !=10;
    
    SELECT usuarios,clientes,proveedores,productos,ventas,articulos,compras;
    
    
    END ;;
DELIMITER ;
/*!50003 SET sql_mode              = @saved_sql_mode */ ;
/*!50003 SET character_set_client  = @saved_cs_client */ ;
/*!50003 SET character_set_results = @saved_cs_results */ ;
/*!50003 SET collation_connection  = @saved_col_connection */ ;
/*!50003 DROP PROCEDURE IF EXISTS `del_detalle_articulo_temp` */;
/*!50003 SET @saved_cs_client      = @@character_set_client */ ;
/*!50003 SET @saved_cs_results     = @@character_set_results */ ;
/*!50003 SET @saved_col_connection = @@collation_connection */ ;
/*!50003 SET character_set_client  = utf8 */ ;
/*!50003 SET character_set_results = utf8 */ ;
/*!50003 SET collation_connection  = utf8_general_ci */ ;
/*!50003 SET @saved_sql_mode       = @@sql_mode */ ;
/*!50003 SET sql_mode              = 'ONLY_FULL_GROUP_BY,STRICT_TRANS_TABLES,NO_ZERO_IN_DATE,NO_ZERO_DATE,ERROR_FOR_DIVISION_BY_ZERO,NO_AUTO_CREATE_USER,NO_ENGINE_SUBSTITUTION' */ ;
DELIMITER ;;
CREATE DEFINER=`root`@`localhost` PROCEDURE `del_detalle_articulo_temp`(`id_detalle` INT, `token` VARCHAR(50))
BEGIN
    	DELETE FROM detalle_articulo_temp WHERE correlativo = id_detalle;
        
        SELECT tmp.correlativo, tmp.codarticulo as codproducto, p.articulo as descripcion, tmp.cantidad, tmp.precio_compra as precio_venta 
        FROM detalle_articulo_temp tmp
        INNER JOIN articulos p
        ON tmp.codarticulo = p.codarticulo
        WHERE tmp.token_user = token;
	END ;;
DELIMITER ;
/*!50003 SET sql_mode              = @saved_sql_mode */ ;
/*!50003 SET character_set_client  = @saved_cs_client */ ;
/*!50003 SET character_set_results = @saved_cs_results */ ;
/*!50003 SET collation_connection  = @saved_col_connection */ ;
/*!50003 DROP PROCEDURE IF EXISTS `del_detalle_temp` */;
/*!50003 SET @saved_cs_client      = @@character_set_client */ ;
/*!50003 SET @saved_cs_results     = @@character_set_results */ ;
/*!50003 SET @saved_col_connection = @@collation_connection */ ;
/*!50003 SET character_set_client  = utf8 */ ;
/*!50003 SET character_set_results = utf8 */ ;
/*!50003 SET collation_connection  = utf8_general_ci */ ;
/*!50003 SET @saved_sql_mode       = @@sql_mode */ ;
/*!50003 SET sql_mode              = 'ONLY_FULL_GROUP_BY,STRICT_TRANS_TABLES,NO_ZERO_IN_DATE,NO_ZERO_DATE,ERROR_FOR_DIVISION_BY_ZERO,NO_AUTO_CREATE_USER,NO_ENGINE_SUBSTITUTION' */ ;
DELIMITER ;;
CREATE DEFINER=`root`@`localhost` PROCEDURE `del_detalle_temp`(`id_detalle` INT, `token` VARCHAR(50))
BEGIN
    	DELETE FROM detalle_temp WHERE correlativo = id_detalle;
        
        SELECT tmp.correlativo, tmp.codproducto, p.descripcion, tmp.cantidad, tmp.precio_venta FROM detalle_temp tmp
        INNER JOIN producto p
        ON tmp.codproducto = p.codproducto
        WHERE tmp.token_user = token;
    END ;;
DELIMITER ;
/*!50003 SET sql_mode              = @saved_sql_mode */ ;
/*!50003 SET character_set_client  = @saved_cs_client */ ;
/*!50003 SET character_set_results = @saved_cs_results */ ;
/*!50003 SET collation_connection  = @saved_col_connection */ ;
/*!50003 DROP PROCEDURE IF EXISTS `procesar_compra` */;
/*!50003 SET @saved_cs_client      = @@character_set_client */ ;
/*!50003 SET @saved_cs_results     = @@character_set_results */ ;
/*!50003 SET @saved_col_connection = @@collation_connection */ ;
/*!50003 SET character_set_client  = utf8 */ ;
/*!50003 SET character_set_results = utf8 */ ;
/*!50003 SET collation_connection  = utf8_general_ci */ ;
/*!50003 SET @saved_sql_mode       = @@sql_mode */ ;
/*!50003 SET sql_mode              = 'ONLY_FULL_GROUP_BY,STRICT_TRANS_TABLES,NO_ZERO_IN_DATE,NO_ZERO_DATE,ERROR_FOR_DIVISION_BY_ZERO,NO_AUTO_CREATE_USER,NO_ENGINE_SUBSTITUTION' */ ;
DELIMITER ;;
CREATE DEFINER=`root`@`localhost` PROCEDURE `procesar_compra`(`cod_usuario` INT, `cod_proveedor` INT, `token` VARCHAR(50))
BEGIN 
    	DECLARE ticket INT;
        
        DECLARE registros INT;
        DECLARE total DECIMAL(10,2);
        
        DECLARE nueva_existencia int;
        DECLARE existencia_actual int;
        
        DECLARE tmp_cod_articulo int;
        DECLARE tmp_cant_articulo int;
        DECLARE a INT;
        SET a = 1;
        
        CREATE TEMPORARY TABLE tbl_tmp_articulo_tokenuser(
            id BIGINT NOT NULL AUTO_INCREMENT PRIMARY KEY,
            cod_articulo BIGINT,
            cant_articulo int);
            
        SET registros = (SELECT COUNT(*) FROM detalle_articulo_temp WHERE token_user = token);
        
        IF registros > 0 THEN
        	INSERT INTO tbl_tmp_articulo_tokenuser(cod_articulo,cant_articulo) SELECT codarticulo,cantidad FROM detalle_articulo_temp WHERE token_user = token;
            
            INSERT INTO ticketcompra(usuario,codproveedor) VALUES(cod_usuario,cod_proveedor);
            SET ticket = LAST_INSERT_ID();
            
            INSERT INTO detalleticket(noticket,codarticulo,cantidad,precio_compra) SELECT (ticket) as noticket,codarticulo,cantidad,precio_compra FROM detalle_articulo_temp 
            WHERE token_user = token;
            
            WHILE a <= registros DO
            	SELECT cod_articulo,cant_articulo INTO tmp_cod_articulo,tmp_cant_articulo FROM tbl_tmp_articulo_tokenuser WHERE id = a;
                SELECT stock INTO existencia_actual FROM articulos WHERE codarticulo = tmp_cod_articulo;
                
                SET nueva_existencia = existencia_actual + tmp_cant_articulo;
                UPDATE articulos SET stock = nueva_existencia WHERE codarticulo = tmp_cod_articulo;
                
                SET a=a+1;
            
            END WHILE;
            
            SET total = (SELECT SUM(cantidad * precio_compra) FROM detalle_articulo_temp WHERE token_user = token);
            UPDATE ticketcompra SET totalticket = total WHERE noticket = ticket;
            DELETE FROM detalle_articulo_temp WHERE token_user = token;
            TRUNCATE TABLE tbl_tmp_articulo_tokenuser;
            SELECT * FROM ticketcompra WHERE noticket = ticket;
         ELSE 
          	SELECT 0;
        END IF;
    END ;;
DELIMITER ;
/*!50003 SET sql_mode              = @saved_sql_mode */ ;
/*!50003 SET character_set_client  = @saved_cs_client */ ;
/*!50003 SET character_set_results = @saved_cs_results */ ;
/*!50003 SET collation_connection  = @saved_col_connection */ ;
/*!50003 DROP PROCEDURE IF EXISTS `procesar_venta` */;
/*!50003 SET @saved_cs_client      = @@character_set_client */ ;
/*!50003 SET @saved_cs_results     = @@character_set_results */ ;
/*!50003 SET @saved_col_connection = @@collation_connection */ ;
/*!50003 SET character_set_client  = utf8 */ ;
/*!50003 SET character_set_results = utf8 */ ;
/*!50003 SET collation_connection  = utf8_general_ci */ ;
/*!50003 SET @saved_sql_mode       = @@sql_mode */ ;
/*!50003 SET sql_mode              = 'ONLY_FULL_GROUP_BY,STRICT_TRANS_TABLES,NO_ZERO_IN_DATE,NO_ZERO_DATE,ERROR_FOR_DIVISION_BY_ZERO,NO_AUTO_CREATE_USER,NO_ENGINE_SUBSTITUTION' */ ;
DELIMITER ;;
CREATE DEFINER=`root`@`localhost` PROCEDURE `procesar_venta`(`cod_usuario` INT, `cod_cliente` INT, `token` VARCHAR(50))
BEGIN 
    	DECLARE factura INT;
        
        DECLARE registros INT;
        DECLARE total DECIMAL(10,2);
        
        DECLARE nueva_existencia int;
        DECLARE existencia_actual int;
        
        DECLARE tmp_cod_producto int;
        DECLARE tmp_cant_producto int;
        DECLARE a INT;
        SET a = 1;
        
        CREATE TEMPORARY TABLE tbl_tmp_tokenuser(
            id BIGINT NOT NULL AUTO_INCREMENT PRIMARY KEY,
            cod_prod BIGINT,
            cant_prod int);
            
        SET registros = (SELECT COUNT(*) FROM detalle_temp WHERE token_user = token);
        
        IF registros > 0 THEN
        	INSERT INTO tbl_tmp_tokenuser(cod_prod,cant_prod) SELECT codproducto,cantidad FROM detalle_temp WHERE token_user = token;
            
            INSERT INTO factura(usuario,codcliente) VALUES(cod_usuario,cod_cliente);
            SET factura = LAST_INSERT_ID();
            
            INSERT INTO detallefactura(nofactura,codproducto,cantidad,precio_venta) SELECT (factura) as nofactura,codproducto,cantidad,precio_venta FROM detalle_temp 
            WHERE token_user = token;
            
            WHILE a <= registros DO
            	SELECT cod_prod,cant_prod INTO tmp_cod_producto,tmp_cant_producto FROM tbl_tmp_tokenuser WHERE id = a;
                SELECT existencia INTO existencia_actual FROM producto WHERE codproducto = tmp_cod_producto;
                
                SET nueva_existencia = existencia_actual - tmp_cant_producto;
                UPDATE producto SET existencia = nueva_existencia WHERE codproducto = tmp_cod_producto;
                
                SET a=a+1;
            
            END WHILE;
            
            SET total = (SELECT SUM(cantidad * precio_venta) FROM detalle_temp WHERE token_user = token);
            UPDATE factura SET totalfactura = total WHERE nofactura = factura;
            DELETE FROM detalle_temp WHERE token_user = token;
            TRUNCATE TABLE tbl_tmp_tokenuser;
            SELECT * FROM factura WHERE nofactura = factura;
         ELSE 
          	SELECT 0;
        END IF;
    END ;;
DELIMITER ;
/*!50003 SET sql_mode              = @saved_sql_mode */ ;
/*!50003 SET character_set_client  = @saved_cs_client */ ;
/*!50003 SET character_set_results = @saved_cs_results */ ;
/*!50003 SET collation_connection  = @saved_col_connection */ ;
/*!40103 SET TIME_ZONE=@OLD_TIME_ZONE */;

/*!40101 SET SQL_MODE=@OLD_SQL_MODE */;
/*!40014 SET FOREIGN_KEY_CHECKS=@OLD_FOREIGN_KEY_CHECKS */;
/*!40014 SET UNIQUE_CHECKS=@OLD_UNIQUE_CHECKS */;
/*!40101 SET CHARACTER_SET_CLIENT=@OLD_CHARACTER_SET_CLIENT */;
/*!40101 SET CHARACTER_SET_RESULTS=@OLD_CHARACTER_SET_RESULTS */;
/*!40101 SET COLLATION_CONNECTION=@OLD_COLLATION_CONNECTION */;
/*!40111 SET SQL_NOTES=@OLD_SQL_NOTES */;

-- Dump completed on 2019-06-27 20:12:32
